PatientID,target
1343,1
1727,1
1828,0
1155,0
1020,1
1751,0
1814,0
1460,0
1913,0
1530,1
1455,0
1300,0
1282,1
1352,0
1972,1
1958,0
1740,1
1774,0
1059,0
1578,0
1233,0
1603,0
1896,1
1098,1
1883,0
1615,1
1137,1
1541,1
1203,1
1141,1
1421,1
1272,0
1144,1
1902,1
1199,1
1353,0
1706,0
1041,1
1533,1
1108,0
1889,0
1090,0
1384,0
1083,0
1186,1
1688,1
1015,0
1890,0
1339,1
1704,1
1319,0
1786,0
1483,1
1423,1
1526,0
1678,0
1275,1
1029,1
1287,1
1291,0
2009,1
1313,1
1223,1
1981,0
1838,1
1068,1
1892,0
1261,0
1040,1
1417,0
1166,0
1692,0
1765,0
1997,0
1809,1
1347,1
1442,1
1388,0
1700,1
1131,0
1934,0
1790,0
1739,0
1546,1
1310,0
1125,0
1341,0
1189,1
1737,1
1316,0
1375,1
1993,0
1504,1
1234,0
1188,1
1752,1
1505,1
1398,1
1331,1
1450,0
1138,1
1367,1
1404,1
1875,0
1433,1
1419,0
1667,1
1931,1
1916,0
1800,1
1895,0
1213,0
1227,0
1914,1
1458,0
1766,1
1722,1
1755,0
1173,1
1087,0
1820,1
1480,1
1640,0
1570,1
1160,1
1718,0
1624,0
1312,1
1714,0
1492,0
1634,1
1474,1
1130,1
1599,1
1332,1
1512,1
1430,1
1794,1
1623,1
1153,0
1742,1
1960,1
2021,1
1427,1
1638,0
1607,1
1226,0
1967,0
1630,1
1097,1
1509,0
1784,1
1687,1
1969,0
1521,0
1084,0
1710,1
1315,0
1446,1
1610,1
1447,0
1293,1
1496,0
1393,1
1602,0
1465,1
1572,0
1830,1
1728,0
1247,1
1104,0
1174,0
1440,0
1797,0
1269,0
1032,0
1019,0
1366,0
1405,1
1457,0
1500,1
1415,1
1928,1
1884,1
1641,1
1387,0
1538,0
1732,1
1306,0
1837,1
1495,1
1872,1
1976,0
1002,0
1644,0
1208,0
1473,1
1690,1
1468,0
1498,1
1358,1
1304,0
1681,0
1553,1
1817,0
1573,0
1950,0
1016,1
1609,1
1252,1
1785,1
1801,1
1924,1
1218,0
1588,1
1007,1
1613,1
1268,0
1840,0
1568,1
1000,0
1256,1
1318,0
1953,0
1757,1
